"STATION","NAME","LATITUDE","LONGITUDE","ELEVATION","DATE","PRCP"
"US1FLOK0029","MARY ESTHER 0.6 E, FL US","30.4109","-86.6475","4.9","2020-07","7.65"
"USC00080737","BIG CYPRESS, FL US","26.3283","-80.9958","4.6","2020-07","11.78"
"US1FLVL0038","OAK HILL 2.8 WSW, FL US","28.860597","-80.871231","1.8","2020-07","14.46"
"US1FLBV0023","COCOA 2.6 WNW, FL US","28.3956","-80.7868","7.0","2020-07","12.43"
"US1FLOK0020","NICEVILLE 3.4 ESE, FL US","30.512333","-86.4305","24.1","2020-07","9.46"
"US1FLVL0037","PORT ORANGE 3.4 SSW, FL US","29.0649528503418","-81.0307312011719","7.0","2020-07","16.18"
"US1FLLB0003","HOSFORD 2.7 SW, FL US","30.351761","-84.8173939","34.1","2020-07","7.59"
"US1FLBV0020","PALM SHORES 4.3 NNW, FL US","28.2439","-80.6842","6.1","2020-07","8.22"
"USC00084095","HOMESTEAD GEN AVIATION AIRPORT, FL US","25.5011","-80.55","2.7","2020-07","8.34"
"USC00085184","LOXAHATCHEE NWR, FL US","26.4985","-80.216","6.4","2020-07","8.02"
"US1FLCT0015","INVERNESS 2.6 ENE, FL US","28.8582363128662","-82.3056335449219","12.5","2020-07","12.02"
"US1FLHB0107","SUN CITY CENTER 0.9 SSE, FL US","27.708626","-82.348262","18.9","2020-07","5.54"
"US1FLBV0028","MICCO 1.3 NW, FL US","27.886064","-80.528297","5.8","2020-07","11.70"
"US1FLCT0011","HERNANDO 1.6 N, FL US","28.92978","-82.37039","23.2","2020-07","11.33"
"US1FLBW0067","DAVIE 2.6 WSW, FL US","26.0645198822021","-80.3256072998047","2.4","2020-07","5.87"
"US1FLJF0010","MONTICELLO 2.9 WSW, FL US","30.5255","-83.91623","64.6","2020-07","10.34"
"US1FLGL0007","LA BELLE 4.5 NNW, FL US","26.820574","-81.4495","11.9","2020-07","6.31"
"US1FLBV0012","CAPE CANAVERAL 0.6 ESE, FL US","28.3861","-80.6003","6.1","2020-07","9.65"
"US1FLBV0013","ROCKLEDGE 1.1 WSW, FL US","28.312227","-80.745553","11.9","2020-07","13.53"
"US1FLOK0015","NICEVILLE 4.5 SE, FL US","30.478358","-86.437174","9.1","2020-07","7.19"
"US1FLVL0029","NEW SMYRNA BEACH 2.3 N, FL US","29.0662","-80.915","1.5","2020-07","8.45"
"US1FLCT0008","CRYSTAL RIVER 4.7 ESE, FL US","28.870996","-82.527257","27.1","2020-07","7.73"
"US1FLJF0009","MONTICELLO 4.3 ENE, FL US","30.5576877593994","-83.8015670776367","47.9","2020-07","9.08"
"US1FLJF0006","MONTICELLO 9.8 SW, FL US","30.44050517","-83.985900204","57.9","2020-07","4.65"
"US1FLVL0024","DE LEON SPRINGS 1.3 NNW, FL US","29.1344356536865","-81.3626403808594","0.9","2020-07","8.48"
"US1FLJF0007","LAMONT 7.7 SW, FL US","30.29251","-83.8973","11.3","2020-07","7.27"
"US1FLVL0021","DELAND 2.0 W, FL US","29.0374069213867","-81.3299255371094","25.6","2020-07","4.86"
"US1FLHB0112","TAMPA 4.8 SW, FL US","27.8902","-82.4907","3.0","2020-07","4.48"
"USC00086048","MUSE, FL US","26.826","-81.4915","13.1","2020-07","8.09"
"US1FLHB0114","RIVERVIEW 0.9 ENE, FL US","27.8735122680664","-82.3028869628906","7.0","2020-07","6.65"
"US1FLMN0006","CUDJOE KEY 0.9 SSW, FL US","24.659425","-81.506312","4.9","2020-07","9.46"
"US1FLMN0004","KEY LARGO 5.3 SW, FL US","25.045319","-80.494216","0.6","2020-07","8.98"
"US1FLBV0001","PALM BAY 2.6 SSE, FL US","27.951176","-80.64202","11.9","2020-07","9.06"
"US1FLBV0002","PALM SHORES 1.4 W, FL US","28.18825","-80.680461","11.9","2020-07","8.43"
"US1FLOK0001","NICEVILLE 3.6 SE, FL US","30.49385","-86.439794","11.0","2020-07","10.35"
"US1FLOK0002","EGLIN AFB 5.6 NE, FL US","30.52436","-86.49238","18.9","2020-07","8.50"
"US1FLBV0005","PALM BAY 3.1 NNW, FL US","28.023488","-80.688135","11.9","2020-07","6.37"
"US1FLBV0006","MELBOURNE 1.1 N, FL US","28.1312","-80.6436","9.1","2020-07","13.25"
"US1FLHB0120","TAMPA 7.9 N, FL US","28.063226","-82.479851","20.4","2020-07","7.47"
"USW00012897","NAPLES MUNICIPAL AIRPORT, FL US","26.155","-81.7752","2.7","2020-07","2.91"
"USW00012896","MARATHON AIRPORT, FL US","24.72583","-81.05167","2.4","2020-07","10.59"
"USW00012895","FORT PIERCE ST LUCIE CO INTERNATIONAL AIRPORT, FL US","27.49806","-80.37667","7.3","2020-07","10.48"
"USW00012894","FORT MYERS SW FLORIDA REGIONAL AIRPORT, FL US","26.53611","-81.755","9.4","2020-07","5.61"
"US1FLHB0130","APOLLO BEACH 2.7 ENE, FL US","27.7822","-82.3645","11.9","2020-07","3.56"
"US1FLVL0005","ORMOND BEACH 3.5 SE, FL US","29.265","-81.0472","7.0","2020-07","8.12"
"US1FLVL0006","EDGEWATER 2.4 N, FL US","29.001931","-80.909753","2.1","2020-07","12.46"
"US1FLVL0003","DE LAND 4.5 NW, FL US","29.087","-81.344","28.0","2020-07","8.69"
"US1FLVL0009","DE LAND 5.7 NW, FL US","29.09954","-81.356858","21.0","2020-07","9.71"
"US1FLHB0139","SUN CITY CENTER 0.9 S, FL US","27.7087","-82.3539","19.5","2020-07","7.21"
"US1FLVL0001","NEW SMYRNA BEACH 1.5 E, FL US","29.031437","-80.894704","7.0","2020-07","11.76"
"US1FLHB0134","SUN CITY CENTER 1.8 NNE, FL US","27.744775","-82.337738","14.0","2020-07","6.96"
"US1FLHB0136","BRANDON 2.8 SW, FL US","27.903022","-82.326364","14.6","2020-07","9.86"
"US1FLPK0073","MULBERRY 1.1 NNW, FL US","27.91709","-81.97774","39.3","2020-07","10.41"
"US1FLPK0070","WILLOW OAK 1.8 NW, FL US","27.937432","-82.042391","36.0","2020-07","9.53"
"US1FLBV0067","PALM BAY 4.9 S, FL US","27.914683","-80.652338","7.0","2020-07","5.93"
"US1FLBV0063","MELBOURNE 4.6 NNW, FL US","28.1712","-80.6816","10.1","2020-07","8.02"
"US1FLPK0076","AUBURNDALE 2.4 NNE, FL US","28.1019","-81.7813","47.5","2020-07","10.26"
"US1FLPK0075","DAVENPORT 12.3 NNW, FL US","28.327725","-81.674067","51.5","2020-07","7.68"
"US1FLHY0003","LA BELLE 2.3 WNW, FL US","26.763904","-81.474755","4.9","2020-07","5.60"
"US1FLBV0059","PALM BAY 2.7 SSE, FL US","27.950097","-80.642062","8.2","2020-07","8.26"
"US1FLBV0054","MERRITT ISLAND 3.8 N, FL US","28.365179","-80.66471","0.3","2020-07","8.01"
"USC00086092","NETTLES ISLAND, FL US","27.28768","-80.22144","3.0","2020-07","9.20"
"US1FLBV0052","INDIALANTIC 3.3 NNW, FL US","28.132907","-80.585547","3.4","2020-07","9.43"
"US1FLBW0099","WESTON 2.8 SE, FL US","26.07204","-80.3679",,"2020-07","7.75"
"US1FLBW0095","PLANTATION 1.9 SE, FL US","26.106931","-80.23944","1.8","2020-07","8.06"
"US1FLPK0067","DAVENPORT 1.9 NW, FL US","28.181744","-81.623802","34.4","2020-07","7.43"
"US1FLHY0008","LABELLE 0.3 WNW, FL US","26.75822","-81.44319","7.3","2020-07","5.20"
"US1FLHY0009","LABELLE 1.5 ENE, FL US","26.76665","-81.41597","8.2","2020-07","5.63"
"US1FLBV0047","ROCKLEDGE 1.3 NE, FL US","28.335","-80.717","2.1","2020-07","7.65"
"USC00089566","WEWAHITCHKA, FL US","30.1191","-85.2041","12.8","2020-07","12.55"
"US1FLBV0036","MERRIT ISLAND 9.1 N, FL US","28.479253","-80.709267","1.2","2020-07","14.26"
"USW00073805","NORTHWEST FLORIDA BEACHES INTERNATIONAL AIRPORT, FL US","30.349","-85.788","17.4","2020-07","11.71"
"US1FLBV0038","TITUSVILLE 3.5 NW, FL US","28.6282","-80.8572","12.2","2020-07","11.87"
"USC00087397","PUNTA GORDA 4 ESE, FL US","26.91463","-81.99682","6.1","2020-07","7.83"
"USC00086065","MYAKKA RIVER ST PK, FL US","27.24012","-82.31525","5.8","2020-07","6.67"
"US1FLBW0076","PLANTATION 3.4 E, FL US","26.118211","-80.206628","2.4","2020-07","12.60"
"US1FLAL0058","GAINESVILLE 5.0 SSW, FL US","29.605565","-82.360065","28.3","2020-07","6.33"
"US1FLAL0054","MICANOPY 2.1 WNW, FL US","29.51978","-82.312725","32.3","2020-07","4.56"
"US1FLCR0012","NAPLES 5.7 SE, FL US","26.097565","-81.722053","7.0","2020-07","8.44"
"US1FLAL0055","GAINESVILLE 7.7 W, FL US","29.657232","-82.463644","25.6","2020-07","8.28"
"US1FLCR0013","NAPLES PARK 3.7 ENE, FL US","26.279769","-81.758328","2.7","2020-07","4.37"
"US1FLLE0068","LEHIGH ACRES 3.8 SSW, FL US","26.550393","-81.650833","8.5","2020-07","12.56"
"USC00087760","ROYAL PALM RANGER STATION, FL US","25.3866","-80.5936","2.1","2020-07","8.57"
"USC00083163","FORT LAUDERDALE, FL US","26.1019","-80.2011","4.9","2020-07","11.08"
"US1FLAL0060","GAINESVILLE 7.5 WSW, FL US","29.646704","-82.456255","37.8","2020-07","8.45"
"US1FLMD0099","SUNSET 1.1 N, FL US","25.72143","-80.35059","2.4","2020-07","10.98"
"US1FLAL0048","GAINESVILLE 5.4 W, FL US","29.67778","-82.426389","49.7","2020-07","6.28"
"US1FLMD0095","CORAL GABLES 4.1 NNW, FL US","25.7564","-80.28267","2.7","2020-07","13.13"
"US1FLMD0092","KENDALE LAKES 1.4 N, FL US","25.727376","-80.405869","1.8","2020-07","8.96"
"US1FLMR0074","BELLEVIEW 1.6 E, FL US","29.05604","-82.02892","22.3","2020-07","9.38"
"US1FLHL0030","SEBRING 2.8 WNW, FL US","27.499490737915","-81.4979629516602","48.2","2020-07","12.01"
"USW00063871","BONIFAY TRI CO AIRPORT, FL US","30.84583","-85.60139","25.9","2020-07","6.23"
"USC00088620","STUART, FL US","27.1897","-80.2397","4.0","2020-07","7.83"
"US1FLAL0050","GAINESVILLE 2.4 SW, FL US","29.6478176116943","-82.36181640625","35.1","2020-07","4.78"
"US1FLAL0051","MICANOPY 2.1 NNE, FL US","29.5348","-82.2681","20.7","2020-07","4.51"
"USC00085359","MARCO ISLAND, FL US","25.9491","-81.7138","3.0","2020-07","10.71"
"US1FLAL0079","GAINESVILLE 3.9 S, FL US","29.61814","-82.34215","28.3","2020-07","5.74"
"US1FLPN0104","LARGO 1.5 SSW, FL US","27.890416","-82.793086","14.6","2020-07","7.97"
"US1FLAL0075","GAINESVILLE 0.9 WSW, FL US","29.66918","-82.34958","43.9","2020-07","6.32"
"US1FLMR0065","BELLEVIEW 3.3 SSW, FL US","29.018398","-82.080829","25.3","2020-07","6.80"
"US1FLMR0068","OCALA 3.2 ENE, FL US","29.20591","-82.08169","25.6","2020-07","6.17"
"US1FLMR0066","THE VILLAGES 3.7 NNW, FL US","28.980161","-82.023016","31.1","2020-07","6.61"
"US1FLVL0094","NEW SMYRNA BEACH 3.6 SE, FL US","28.997821","-80.875644","2.7","2020-07","9.57"
"USC00087982","SANFORD, FL US","28.8147","-81.2778","3.7","2020-07","7.11"
"US1FLHL0038","SEBRING 2.7 SE, FL US","27.4687","-81.41699","32.6","2020-07","11.54"
"US1FLLN0004","TALLAHASSEE 5.7 SE, FL US","30.393828","-84.220022","29.9","2020-07","6.80"
"USC00082298","DEVILS GARDEN, FL US","26.66388","-81.08998","7.9","2020-07","5.31"
"US1FLAL0081","GAINESVILLE 8.0 WSW, FL US","29.61641","-82.45139","29.9","2020-07","5.27"
"US1FLVL0090","LAKE HELEN 0.9 S, FL US","28.9707","-81.2341","17.4","2020-07","6.04"
"USC00086657","ORTONA LOCK 2, FL US","26.7897","-81.3044","6.1","2020-07","8.23"
"US1FLVL0091","DELAND 4.2 NW, FL US","29.077239","-81.34761","22.6","2020-07","9.42"
"USW00053847","WHITING FIELD NAS SOUTH, FL US","30.70444","-87.02306","54.3","2020-07",
"USW00053848","CHOCTAW NAVAL OUTLYING FIELD MILTON, FL US","30.50694","-86.95972","31.1","2020-07",
"US1FLMR0054","OCALA 1.1 SE, FL US","29.177855","-82.116006","39.6","2020-07","8.77"
"US1FLMR0057","OCALA 4.6 N, FL US","29.254215","-82.126714","21.6","2020-07","7.06"
"US1FLMR0056","OCALA 10.7 WSW, FL US","29.111687","-82.284807","23.8","2020-07","6.37"
"US1FLVL0086","DE LEON SPRINGS 1.6 ESE, FL US","29.107378","-81.328679","12.5","2020-07","11.73"
"US1FLVL0083","DE LAND 3.9 SSE, FL US","28.98179","-81.28001","25.6","2020-07","4.32"
"US1FLVL0084","LAKE HELEN 0.4 SW, FL US","28.978914","-81.235256","21.6","2020-07","6.08"
"US1FLVL0089","NEW SMYRNA BEACH 8.5 W, FL US","29.050979","-81.057293","7.9","2020-07","19.08"
"US1FLMA0006","ELLENTON 6.6 E, FL US","27.54","-82.422","10.1","2020-07","6.63"
"US1FLVL0087","PORT ORANGE 0.8 NNW, FL US","29.12087","-81.01041","12.2","2020-07","13.49"
"USC00083153","FORT GREEN 12 WSW, FL US","27.57264","-82.1393","34.1","2020-07","4.22"
"USW00063890","JACKSONVILLE WHITEHOUSE NAVAL OUTLYING FIELD, FL US","30.35028","-81.88306","30.2","2020-07","4.01"
"US1FLAL0071","HAWTHORNE 5.0 WNW, FL US","29.6164","-82.1658","36.6","2020-07","3.56"
"US1FLVL0081","ORMOND BY THE SEA 0.8 SSE, FL US","29.332109","-81.064317","3.0","2020-07","6.19"
"US1FLVL0082","ORMOND BEACH 4.1 ESE, FL US","29.26925","-81.0335","8.5","2020-07","5.92"
"US1FLLN0010","TALLAHASSEE 1.3 SW, FL US","30.446293","-84.29968","52.1","2020-07","6.43"
"USW00053853","DESTIN FORT WALTON BEACH AIRPORT, FL US","30.4","-86.47167","6.7","2020-07","7.41"
"USR0000FSAN","SANBORN FLORIDA, FL US","30.23","-84.68","22.6","2020-07",
"US1FLBW0026","DEERFIELD BEACH 2.5 ESE, FL US","26.303831","-80.081289","0.3","2020-07","9.10"
"US1FLHB0140","GREATER NORTHDALE 1.2 S, FL US","28.086432","-82.515349","18.0","2020-07","6.48"
"US1FLHB0141","CARROLLWOOD 1.3 N, FL US","28.068676","-82.496521","16.8","2020-07","8.25"
"US1FLLN0018","MIDWAY 6.9 SW, FL US","30.420175","-84.54375","45.1","2020-07","6.67"
"US1FLMR0042","MICANOPY 4.6 SSE, FL US","29.4453","-82.2492","37.2","2020-07","6.53"
"USR0000FWIL","WILMA FLORIDA, FL US","30.1694","-84.9344","15.2","2020-07",
"US1FLMR0046","INTERLACHEN 8.8 S, FL US","29.489807","-81.904317","28.7","2020-07","5.03"
"US1FLMA0010","BRADENTON 10.8 SE, FL US","27.430921","-82.415236","18.0","2020-07","5.07"
"US1FLMA0011","BRADENTON 2.0 WSW, FL US","27.476793","-82.609371","5.8","2020-07","6.74"
"USC00084050","HOLLYWOOD, FL US","26.0281","-80.1341","2.7","2020-07","7.28"
"US1FLVL0075","EDGEWATER 0.2 S, FL US","28.96437","-80.90476","9.4","2020-07","10.89"
"US1FLVL0072","NEW SMYRNA BEACH 1.6 NNE, FL US","29.054378","-80.905279","9.1","2020-07","6.22"
"US1FLVL0073","ORMOND BEACH 2.6 SE, FL US","29.26414","-81.06944","4.6","2020-07","7.11"
"US1FLLE0022","SAINT JAMES CITY 0.4 SSE, FL US","26.494623","-82.077372","0.0","2020-07","8.48"
"US1FLVL0077","NEW SMYRNA BEACH 3.9 W, FL US","29.031821","-80.984001","13.7","2020-07","11.44"
"US1FLLN0025","TALLAHASSEE 3.5 N, FL US","30.508166","-84.283457","29.9","2020-07","4.81"
"US1FLHB0143","TAMPA 3.7 SSW, FL US","27.91349","-82.5136","2.4","2020-07","5.29"
"US1FLVL0070","DE LAND 0.6 SSE, FL US","29.02933","-81.29249","20.1","2020-07","3.70"
"US1FLVL0071","DE LEON SPRINGS 3.2 ENE, FL US","29.1278","-81.30043","15.2","2020-07","8.30"
"US1FLHB0147","TAMPA 7.7 S, FL US","27.8479","-82.4766","1.2","2020-07","5.86"
"US1FLBW0016","FORT LAUDERDALE 1.9 SSW, FL US","26.11786","-80.152112","0.9","2020-07","5.83"
"USC00080945","BRADENTON, FL US","27.4467","-82.5014","6.1","2020-07","7.06"
"US1FLMR0032","SUMMERFIELD 3.0 NE, FL US","29.0420055389404","-81.9983062744141","28.3","2020-07","7.90"
"US1FLMA0026","SAMOSET 1.7 NNE, FL US","27.497916","-82.528035","0.9","2020-07","7.70"
"US1FLMR0036","OCALA 14.3 S, FL US","28.976","-82.1746","24.4","2020-07","7.56"
"US1FLMA0022","PALMETTO 6.4 ENE, FL US","27.562194","-82.483024","9.4","2020-07","5.78"
"US1FLVL0063","ORMOND BY THE SEA 0.1 SSE, FL US","29.342091","-81.067134","6.7","2020-07","8.79"
"USC00086240","NICEVILLE, FL US","30.5316","-86.4928","18.3","2020-07","10.26"
"US1FLLN0031","TALLAHASSEE 14.2 NE, FL US","30.603299","-84.112587","43.9","2020-07","5.30"
"US1FLVL0061","ORMOND BEACH 4.8 NNE, FL US","29.3621117","-81.07536859999","6.4","2020-07","7.71"
"US1FLLE0037","FORT MYERS 0.8 N, FL US","26.642261505127","-81.8488388061523","3.7","2020-07","5.99"
"US1FLVL0062","PORT ORANGE 0.2 NNW, FL US","29.11216","-81.00705","6.7","2020-07","15.52"
"US1FLVL0067","DELTONA 3.2 NNE, FL US","28.95457","-81.19724","12.5","2020-07","10.15"
"US1FLMA0029","LAKEWOOD RANCH 3.5 E, FL US","27.413209","-82.368345","11.9","2020-07","6.51"
"USR0000FLSU","LOWER SUWANNEE FLORIDA, FL US","29.3731","-83.0344","4.6","2020-07",
"US1FLHB0156","CARROLLWOOD 0.7 NNE, FL US","28.058998","-82.48711","18.0","2020-07","7.83"
"US1FLBW0013","MIRAMAR 3.0 WNW, FL US","25.9917","-80.3791","4.9","2020-07","11.00"
"US1FLHB0154","SEFFNER 0.4 ESE, FL US","27.9942","-82.269","15.5","2020-07","8.14"
"US1FLVL0060","PORT ORANGE 2.5 NNE, FL US","29.1452","-80.99597","7.0","2020-07","13.39"
"US1FLBW0007","POMPANO BEACH HIGHLANDS 0.7 E, FL US","26.286","-80.103","4.9","2020-07","9.32"
"US1FLMA0034","SAMOSET 4.7 ESE, FL US","27.45468","-82.46942","7.9","2020-07","7.41"
"US1FLOK0043","FORT WALTON BEACH 1.7 ESE, FL US","30.416362","-86.591463","3.0","2020-07","5.38"
"US1FLOK0041","SHALIMAR 1.2 NNW, FL US","30.460638","-86.589541","4.9","2020-07","5.82"
"US1FLOK0042","VALPARAISO 1.4 N, FL US","30.513885","-86.499279","26.2","2020-07","9.25"
"US1FLVL0059","NEW SMYRNA BEACH 3.4 WNW, FL US","29.0436","-80.974","8.5","2020-07","12.80"
"US1FLMA0032","THE MEADOWS 6.2 NE, FL US","27.427464","-82.400139","11.9","2020-07","5.66"
"US1FLMA0033","THE MEADOWS 7.0 NNE, FL US","27.450213","-82.413666","12.8","2020-07","6.77"
"US1FLLN0041","TALLAHASSEE 10.8 N, FL US","30.611569","-84.256832","49.1","2020-07","5.27"
"US1FLMR0018","BELLEVIEW 4.8 E, FL US","29.0609","-81.9759","18.6","2020-07","7.02"
"US1FLMR0016","OCALA 2.8 SSE, FL US","29.1527","-82.105516","41.1","2020-07","4.42"
"US1FLVL0051","DE BARY 1.7 NE, FL US","28.9021","-81.2945","25.9","2020-07","8.33"
"US1FLCB0010","WHITE SPRINGS 1.0 SSE, FL US","30.3178","-82.7543","30.5","2020-07","3.93"
"US1FLVL0057","NEW SMYRNA BEACH 3.4 NW, FL US","29.0688","-80.959","5.5","2020-07","11.05"
"US1FLCB0012","LAKE CITY 7.9 SSW, FL US","30.0812","-82.671","25.3","2020-07","6.43"
"US1FLCT0034","BEVERLY HILLS 1.9 NE, FL US","28.93175","-82.44159","35.4","2020-07","12.68"
"USC00087304","PORT SALERNO 5 W, FL US","27.0997","-80.2627","3.7","2020-07","11.59"
"US1FLCT0031","INVERNESS 4.4 NW, FL US","28.88158","-82.39709","32.9","2020-07","8.57"
"US1FLCT0030","HERNANDO 4.4 WSW, FL US","28.874131","-82.441128","50.6","2020-07","11.62"
"US1FLLN0047","TALLAHASSEE 5.2 E, FL US","30.442466","-84.194941","31.7","2020-07","5.15"
"US1FLCB0019","LAKE CITY 8.7 S, FL US","30.068055","-82.62196","45.1","2020-07","4.00"
"US1FLOK0033","DESTIN 1.2 NW, FL US","30.40255","-86.490553","4.3","2020-07","7.30"
"US1FLMR0013","MICANOPY 3.6 SSW, FL US","29.457061","-82.299833","60.0","2020-07","4.72"
"US1FLCT0029","HOMOSASSA 6.0 SE, FL US","28.73031","-82.53906","7.0","2020-07","5.45"
"US1FLVL0042","DAYTONA BEACH SHORES 1.8 SSE, FL US","29.149417","-80.969621","2.4","2020-07","12.62"
"US1FLLE0059","CAPE CORAL 3.9 NNW, FL US","26.691734","-82.012703","2.1","2020-07","7.73"
"US1FLLN0051","TALLAHASSEE 5.1 NE, FL US","30.5076923370361","-84.2197799682617","49.1","2020-07","2.86"
"US1FLMR0004","LADY LAKE 4.8 WNW, FL US","28.96094","-81.9979","28.0","2020-07","6.74"
"US1FLVL0040","EDGEWATER 0.1 SW, FL US","28.966198","-80.906013",,"2020-07","11.22"
"US1FLLE0058","FOREST ISLAND PARK 0.9 ESE, FL US","26.48553","-81.84783","2.1","2020-07","4.64"
"US1FLCT0024","HERNANDO 2.9 W, FL US","28.91421","-82.42147","23.2","2020-07","9.05"
"US1FLLE0055","FORT MYERS 2.3 SW, FL US","26.60641","-81.87727","4.0","2020-07","3.21"
"US1FLVL0044","PORT ORANGE 2.9 WSW, FL US","29.1","-81.05276","7.3","2020-07","16.69"
"USC00084289","INVERNESS 3 SE, FL US","28.80286","-82.31266","17.7","2020-07","15.46"
"USC00085377","MARIANNA 7 NE, FL US","30.7341","-85.0305","35.1","2020-07","4.28"
"US1FLLN0055","TALLAHASSEE 5.5 ENE, FL US","30.4779","-84.19283","36.3","2020-07","5.91"
"US1FLMD0022","HAMMOCKS 0.5 SSE, FL US","25.665","-80.4395","2.7","2020-07","15.60"
"US1FLHN0035","SPRING HILL 2.1 W, FL US","28.48294","-82.59573","11.9","2020-07","5.72"
"US1FLMR0003","BELLEVIEW 6.0 SSE, FL US","28.977361","-82.024456","28.0","2020-07","6.10"
"US1FLHN0026","SPRING HILL 2.4 WSW, FL US","28.471471","-82.599183","14.6","2020-07","5.46"
"US1FLWT0002","FREEPORT 3.4 S, FL US","30.451892","-86.140944","2.4","2020-07","17.22"
"US1FLWT0005","DE FUNIAK SPRINGS 12.5 NW, FL US","30.84455","-86.275704","79.9","2020-07","9.39"
"US1FLMD0026","MIAMI LAKES 0.3 NNW, FL US","25.913604","-80.316509","0.9","2020-07","9.77"
"USC00084412","JOHN PENNEKAMP STATE PARK, FL US","25.1936","-80.3493","1.8","2020-07","5.54"
"USC00082008","CROSS CITY 2 WNW, FL US","29.6333","-83.1053","12.8","2020-07","11.31"
"US1FLHN0024","WEEKI WACHEE 7.1 NNE, FL US","28.61052","-82.5351","11.6","2020-07","8.47"
"US1FLHN0022","BROOKSVILLE 3.9 SE, FL US","28.5228366851807","-82.3394317626953",,"2020-07","10.74"
"US1FLHN0014","SPRING HILL 2.4 NW, FL US","28.495454","-82.6018","4.9","2020-07","7.29"
"US1FLPT0024","SAN MATEO 2.5 SE, FL US","29.588724","-81.548748","14.3","2020-07","7.55"
"US1FLPT0021","CRESCENT CITY 2.0 N, FL US","29.466098","-81.520957","4.6","2020-07","9.10"
"USC00086842","PANAMA CITY, FL US","30.2491","-85.6605","1.5","2020-07","11.60"
"US1FLPS0006","LUTZ 3.4 NE, FL US","28.171446","-82.422326","25.9","2020-07","5.84"
"US1FLPS0007","ZEPHYRHILLS 2.6 NNW, FL US","28.26976","-82.194125","47.2","2020-07","10.80"
"US1FLPS0008","ZEPHYRHILLS 0.9 ENE, FL US","28.241976","-82.163851","32.0","2020-07","10.24"
"USR0000FNAV","NAVAL LIVE OAKS FLORIDA, FL US","30.3664","-87.1375","4.6","2020-07",
"US1FLHM0005","WHITE SPRINGS 0.3 NW, FL US","30.334","-82.762","37.2","2020-07","3.71"
"US1FLMD0041","LINDGREN ACRES 0.7 SW, FL US","25.6633578","-80.4096612","2.4","2020-07","12.76"
"US1FLWT0022","DE FUNIAK SPRINGS 4.1 NNW, FL US","30.776521","-86.144959","75.0","2020-07","9.85"
"US1FLPS0010","DADE CITY 1.8 WSW, FL US","28.352214","-82.222508","40.2","2020-07","11.33"
"US1FLMD0049","CUTLER RIDGE 1.7 SSW, FL US","25.560043","-80.357536","2.1","2020-07","9.11"
"US1FLMD0033","BISCAYNE PARK 0.3 E, FL US","25.881971","-80.176893","2.4","2020-07","9.78"
"USC00082229","DELAND 1 SSE, FL US","29.00982","-81.29804","7.6","2020-07","3.83"
"US1FLMD0030","SOUTH MIAMI 0.5 N, FL US","25.715589","-80.296772","1.2","2020-07","13.20"
"US1FLHN0041","SPRING HILL 3.6 ESE, FL US","28.46108","-82.508475","23.2","2020-07","5.61"
"US1FLHN0040","WEEKI WACHEE 1.7 NNE, FL US","28.53716","-82.56522","8.5","2020-07","8.43"
"US1FLHN0043","BROOKSVILLE 5.7 ESE, FL US","28.533382","-82.302958","22.6","2020-07","12.32"
"US1FLHN0039","BROOKSVILLE 3.7 SE, FL US","28.510558","-82.35894","64.9","2020-07","8.85"
"US1FLWT0014","INLET BEACH 0.7 E, FL US","30.276034","-85.996513","4.3","2020-07","4.70"
"USC00085973","MOUNTAIN LAKE, FL US","27.93779","-81.59928","38.1","2020-07",
"US1FLPS0001","HUDSON 1.1 ESE, FL US","28.350519","-82.683631","4.9","2020-07","5.62"
"US1FLPS0004","PORT RICHEY 2.0 NNE, FL US","28.3014","-82.7146","4.0","2020-07","7.67"
"US1FLAL0010","GAINESVILLE 3.8 W, FL US","29.680193","-82.398823","38.1","2020-07","5.94"
"US1FLIR0015","VERO BEACH 1.5 WSW, FL US","27.641405","-80.417429","11.9","2020-07","15.14"
"US1FLCH0013","PORT CHARLOTTE 6.2 W, FL US","26.980545","-82.209412","0.9","2020-07","6.08"
"US1FLIR0019","SEBASTIAN 2.0 SSW, FL US","27.759845","-80.492657","7.9","2020-07","10.74"
"US1FLCH0011","PUNTA GORDA 8.3 NNE, FL US","27.011923","-82.039872","6.1","2020-07","5.48"
"US1FLST0009","LADY LAKE 4.3 SSW, FL US","28.869917","-81.954389","20.1","2020-07","7.72"
"US1FLST0008","THE VILLAGES 3.5 WSW, FL US","28.93096","-82.006","29.0","2020-07","8.69"
"US1FLES0026","PENSACOLA 1.9 NE, FL US","30.466405","-87.171483","33.8","2020-07","7.80"
"US1FLCH0006","ROTONDA 0.8 WNW, FL US","26.885325","-82.289834","4.0","2020-07","4.69"
"US1FLST0012","THE VILLAGES 4.8 SSW, FL US","28.868717","-81.984241","23.5","2020-07","5.71"
"US1FLST0013","THE VILLAGES 2.7 NNW, FL US","28.9003","-81.973","28.3","2020-07","7.81"
"US1FLDV0110","JACKSONVILLE 5.0 WSW, FL US","30.31803","-81.73966","10.4","2020-07","4.05"
"US1FLDV0111","JACKSONVILLE BEACH 1.6 NNW, FL US","30.297407","-81.394971","5.2","2020-07","3.80"
"USW00053860","JACKSONVILLE CRAIG MUNICIPAL AIRPORT, FL US","30.3361","-81.5147","12.5","2020-07","6.41"
"US1FLES0024","PENSACOLA 18.9 WSW, FL US","30.312955","-87.467244","4.0","2020-07","10.24"
"US1FLMD0069","HOMESTEAD 3.0 NW, FL US","25.4897","-80.4911","2.4","2020-07","13.14"
"USC00086634","ORLANDO WEST, FL US","28.5082","-81.5467","45.7","2020-07","7.35"
"US1FLAL0004","BROOKER 6.6 SSE, FL US","29.80059","-82.283616","43.0","2020-07","5.02"
"US1FLIR0006","VERO BEACH 2.4 W, FL US","27.643772","-80.433882","6.1","2020-07","14.44"
"US1FLWS0001","VERNON 10.6 WSW, FL US","30.567783","-85.87305","20.1","2020-07","12.98"
"US1FLCH0023","PUNTA GORDA 1.6 NNW, FL US","26.91748","-82.0689","0.3","2020-07","5.92"
"US1FLAL0007","GAINESVILLE 8.1 SW, FL US","29.5908","-82.4314","36.9","2020-07","8.20"
"US1FLES0039","CENTURY 12.1 W, FL US","30.96403","-87.46575","69.5","2020-07","7.28"
"US1FLST0026","THE VILLAGES 2.8 ESE, FL US","28.903275","-81.965788","22.3","2020-07","7.84"
"US1FLCH0019","PUNTA GORDA 1.4 NNW, FL US","26.916","-82.068","0.3","2020-07","5.06"
"US1FLCH0017","PUNTA GORDA 1.6 NNW, FL US","26.919731","-82.0653169","0.3","2020-07","5.12"
"USC00084461","JUNO BEACH, FL US","26.86","-80.0552","1.5","2020-07","9.07"
"US1FLCH0015","PORT CHARLOTTE 3.3 E, FL US","26.982827","-82.0552","3.0","2020-07","6.26"
"US1FLST0025","OXFORD 1.2 ENE, FL US","28.9362850785255","-82.0210061967373","27.7","2020-07","8.27"
"USC00088824","TARPON SPGS SEWAGE PLANT, FL US","28.15225","-82.7538","1.8","2020-07","7.86"
"USC00082046","CURRY HAMMOCK STATE PARK, FL US","24.74257","-80.98193","1.2","2020-07","9.57"
"USC00082288","DESOTO CITY, FL US","27.3697","-81.5136","25.9","2020-07","8.79"
"US1FLES0035","PENSACOLA 13.5 WNW, FL US","30.53197","-87.39213","36.3","2020-07","18.87"
"USR0000FCHE","CHEKIKA FLORIDA, FL US","25.625","-80.5797","1.5","2020-07",
"US1FLIR0036","VERO BEACH 5.3 W, FL US","27.640879","-80.480391","5.5","2020-07","14.19"
"US1FLAL0031","GAINESVILLE 6.5 NW, FL US","29.737964","-82.416213","55.2","2020-07","5.08"
"US1FLMD0082","CUTLER 0.7 NNW, FL US","25.6360578","-80.319619","1.8","2020-07","11.12"
"US1FLHL0003","LAKE PLACID 1.1 WSW, FL US","27.2877","-81.3853","32.9","2020-07","9.43"
"US1FLMD0080","KENDALL 1.6 N, FL US","25.69003","-80.33556","1.5","2020-07","12.15"
"US1FLMD0081","PALMETTO BAY 0.5 NW, FL US","25.626802","-80.330711","2.7","2020-07","10.23"
"US1FLHL0001","LAKE PLACID 9.4 SE, FL US","27.2054","-81.2574","11.9","2020-07","7.63"
"US1FLPS0051","HOLIDAY 0.6 E, FL US","28.187464","-82.73213","3.0","2020-07","8.18"
"USC00081163","BUSHNELL 1 E, FL US","28.66641","-82.08947","24.4","2020-07","12.18"
"US1FLIR0042","FELLSMERE 1.8 S, FL US","27.74014","-80.60027","7.3","2020-07","8.87"
"US1FLDV0106","JACKSONVILLE 11.9 S, FL US","30.16431","-81.62642","5.2","2020-07","16.41"
"US1FLIR0024","VERO BEACH 3.4 W, FL US","27.642899","-80.44938","5.8","2020-07","13.54"
"US1FLAL0026","GAINESVILLE 1.7 SE, FL US","29.65547","-82.31708","53.3","2020-07","6.39"
"USC00085539","MAYO, FL US","30.1063","-83.1819","19.8","2020-07","5.89"
"US1FLIR0026","VERO BEACH 3.5 SSW, FL US","27.59959","-80.416643","5.8","2020-07","10.23"
"US1FLIR0027","VERO BEACH 2.5 S, FL US","27.610172","-80.39295","6.4","2020-07","11.77"
"US1FLIR0029","VERO BEACH 6.0 SSE, FL US","27.5598","-80.388936","5.8","2020-07","9.51"
"US1FLHL0012","SYLVAN SHORES 8.5 NE, FL US","27.405027","-81.246061","25.9","2020-07","8.77"
"US1FLHL0013","SEBRING 4.7 WNW, FL US","27.515983","-81.525033","56.1","2020-07","10.94"
"US1FLES0015","GONZALEZ 2.1 E, FL US","30.568513","-87.254739","21.9","2020-07","11.43"
"US1FLST0007","LADY LAKE 5.0 W, FL US","28.92495","-82.0119","21.0","2020-07","8.18"
"US1FLPS0043","LAND O LAKES 1.5 SSE, FL US","28.202699","-82.440046","26.8","2020-07","5.02"
"US1FLMD0079","MIAMI 5.7 N, FL US","25.84308","-80.18248","1.2","2020-07","6.82"
"US1FLPS0049","LACOOCHEE 1.0 NE, FL US","28.4754","-82.1569","19.5","2020-07","7.96"
"USC00081306","CAPE FLORIDA, FL US","25.6719","-80.1566","1.8","2020-07","8.13"
"US1FLSS0004","SARASOTA 2.8 NE, FL US","27.357432","-82.491541","7.3","2020-07","7.15"
"US1FLCY0002","ORANGE PARK 4.8 SSW, FL US","30.1044","-81.736","13.1","2020-07","7.50"
"US1FLCY0001","FLEMING ISLAND 1.7 SE, FL US","30.0785","-81.6956","3.0","2020-07","6.32"
"US1FLCY0007","KEYSTONE HEIGHTS 3.5 ENE, FL US","29.798056","-81.978811","39.0","2020-07","3.93"
"US1FLCY0003","KEYSTONE HEIGHTS 6.9 ENE, FL US","29.81717","-81.92745","35.1","2020-07","4.95"
"US1FLCY0005","KEYSTONE HEIGHTS 7.6 ENE, FL US","29.8362","-81.924675","57.9","2020-07","5.96"
"USC00081544","CHIPLEY, FL US","30.7806","-85.5503","39.6","2020-07","10.69"
"US1FLBV0095","MERRITT ISLAND 10.6 NNW, FL US","28.45848","-80.70775","8.5","2020-07","13.09"
"US1FLBV0092","SATELLITE BEACH 2.0 N, FL US","28.20448","-80.60123","4.6","2020-07","7.32"
"USC00080228","ARCADIA, FL US","27.21785","-81.8742","7.6","2020-07","5.35"
"US1FLBV0099","WEST MELBOURNE 2.5 SSW, FL US","28.050179","-80.693915","7.3","2020-07","5.94"
"US1FLCY0014","KEYSTONE HEIGHTS 9.1 NE, FL US","29.86772","-81.920039","49.1","2020-07","5.53"
"US1FLCH0035","NORTH PORT 1.2 SSE, FL US","27.03233","-82.190153","17.4","2020-07","8.18"
"US1FLCH0036","PORT CHARLOTTE 3.8 NE, FL US","27.028739","-82.07105","9.1","2020-07","3.18"
"US1FLSS0022","ENGLEWOOD 2.0 NNW, FL US","26.986543","-82.365365","3.0","2020-07","7.61"
"US1FLBV0089","SATELLITE BEACH 0.7 ESE, FL US","28.162773","-80.59136","3.0","2020-07","8.03"
"US1FLCH0033","PORT CHARLOTTE 8.0 SW, FL US","26.895561","-82.190926","0.9","2020-07","6.21"
"US1FLCH0034","ENGLEWOOD 2.4 SE, FL US","26.93531","-82.32599","2.1","2020-07","6.75"
"US1FLES0049","PENSACOLA BEACH 3.8 ENE, FL US","30.34446","-87.08788","1.2","2020-07","6.75"
"US1FLCH0029","PORT CHARLOTTE 9.3 SW, FL US","26.89659","-82.22205","1.8","2020-07","3.98"
"US1FLES0045","PENSACOLA 7.0 NNW, FL US","30.534554","-87.244034","33.2","2020-07","12.70"
"US1FLBV0072","PALM BAY 3.2 S, FL US","27.939933","-80.669107","7.3","2020-07","8.11"
"USC00084802","LAKELAND 2, FL US","27.9922","-82.0138","42.4","2020-07","9.48"
"US1FLSS0014","NORTH PORT 1.6 ENE, FL US","27.061","-82.172","10.1","2020-07","8.15"
"US1FLSS0015","NORTH PORT 4.7 NNE, FL US","27.113171","-82.165734","17.1","2020-07","4.74"
"US1FLBV0078","COCOA 5.1 NW, FL US","28.42102","-80.81711","10.4","2020-07","9.46"
"US1FLBV0075","MERRITT ISLAND 5.6 NNW, FL US","28.382235","-80.706679","3.0","2020-07","7.87"
"US1FLCH0039","GROVE CITY 2.8 NE, FL US","26.930229","-82.285098","4.0","2020-07","6.57"
"US1FLES0053","PENSACOLA 4.7 N, FL US","30.512522","-87.181047","27.7","2020-07","12.01"
"US1FLES0054","PENSACOLA 6.4 N, FL US","30.5366","-87.207","34.7","2020-07","10.50"
"US1FLSS0047","SARASOTA 1.4 E, FL US","27.3401393890381","-82.5234756469727","8.8","2020-07","5.30"
"US1FLSS0040","VENICE 4.8 SSE, FL US","27.031473","-82.412121","2.4","2020-07","7.39"
"US1FLCY0042","GREEN COVE SPRINGS 2.6 WNW, FL US","30.00567","-81.71777","20.4","2020-07","5.67"
"USC00084625","KISSIMMEE 2, FL US","28.2763","-81.424","18.3","2020-07","9.55"
"US1FLSS0034","NORTH PORT 2.6 E, FL US","27.054479","-82.152672","5.8","2020-07","6.24"
"US1FLCY0055","FLEMING ISLAND 1.3 NW, FL US","30.10802","-81.7321","5.8","2020-07","4.78"
"US1FLCY0054","KEYSTONE HEIGHTS 9.7 ENE, FL US","29.85054","-81.89475","43.6","2020-07","6.12"
"US1FLCY0056","KEYSTONE HEIGHTS 1.0 E, FL US","29.780083","-82.016571","53.0","2020-07","4.53"
"US1FLCY0051","ORANGE PARK 0.5 SSW, FL US","30.162792","-81.709129","2.4","2020-07","9.07"
"US1FLCY0050","KEYSTONE HEIGHTS 6.4 NE, FL US","29.84752","-81.961486","69.2","2020-07","5.54"
"USW00092805","POMPANO BEACH AIRPARK, FL US","26.25","-80.10833","6.4","2020-07","6.36"
"USW00092806","ST PETERSBURG ALBERT WHITTED AIRPORT, FL US","27.76472","-82.6275","2.4","2020-07","6.24"
"USW00092809","HOLLYWOOD NORTH PERRY AIRPORT, FL US","25.99889","-80.24111","2.7","2020-07","7.35"
"USC00084621","KISSIMMEE PRAIRIE PRESERVE, FL US","27.6038","-81.053","21.9","2020-07","8.63"
"USC00080236","ARCHBOLD BIO STATION, FL US","27.1819","-81.3508","42.7","2020-07","8.44"
"USC00080478","BARTOW 1 SE, FL US","27.88608","-81.83251","33.8","2020-07","10.33"
"US1FLSR0021","NAVARRE 6.2 E, FL US","30.41475","-86.80899","9.4","2020-07","7.11"
"US1FLSS0067","ENGLEWOOD 2.6 N, FL US","26.996994","-82.358645","4.9","2020-07","7.87"
"US1FLSS0063","SARASOTA 4.8 ENE, FL US","27.36217","-82.47456","8.2","2020-07","8.52"
"US1FLPT0007","SATSUMA 4.0 NE, FL US","29.5909","-81.6063","3.0","2020-07","8.94"
"US1FLPT0008","EAST PALATKA 3.5 NNW, FL US","29.696167","-81.626432","2.1","2020-07","10.26"
"US1FLPT0015","CRESCENT CITY 8.6 WSW, FL US","29.39962","-81.65219","1.2","2020-07","9.41"
"US1FLPT0012","FLORAHOME 4.1 NNE, FL US","29.783161","-81.848668","29.9","2020-07","4.83"
"US1FLCY0025","ORANGE PARK 4.1 WSW, FL US","30.144849","-81.766778","24.4","2020-07","8.34"
"US1FLHN0008","WEEKI WACHEE 3.0 N, FL US","28.558567","-82.578133","7.9","2020-07","7.35"
"US1FLPB0012","ABERDEEN 4.2 NNW, FL US","26.607032","-80.172049","11.9","2020-07","10.98"
"US1FLMD0007","SUNSET 2.4 SW, FL US","25.683459","-80.381546","11.0","2020-07","12.29"
"US1FLPB0013","LAKE WORTH 1.0 NNW, FL US","26.633057","-80.066103","15.8","2020-07","8.39"
"US1FLMD0003","LINDGREN ACRES 0.5 WSW, FL US","25.6682","-80.4087","7.9","2020-07","12.99"
"US1FLPB0007","SUN VALLEY 0.8 SW, FL US","26.518","-80.145","5.8","2020-07","8.29"
"US1FLSR0012","NAVARRE 2.1 WNW, FL US","30.408899","-86.897846","8.8","2020-07","4.81"
"US1FLPT0001","INTERLACHEN 10.4 NNE, FL US","29.75871","-81.83854","39.0","2020-07","5.13"
"USW00092826","EVERGLADES CITY 5 NE, FL US","25.8996","-81.3183","1.2","2020-07","10.48"
"USW00092827","SEBRING 23 SSE, FL US","27.1526","-81.3689","45.7","2020-07","7.87"
"US1FLCY0037","FLEMING ISLAND 2.2 S, FL US","30.06164","-81.71337","4.9","2020-07","9.21"
"US1FLCY0039","ORANGE PARK 2.5 WSW, FL US","30.15172","-81.742435","20.1","2020-07","7.01"
"US1FLCY0038","KEYSTONE HEIGHTS 10.0 NE, FL US","29.8641589","-81.8978604","41.5","2020-07","5.65"
"US1FLPB0002","ABERDEEN 3.7 WNW, FL US","26.575478","-80.202553","5.2","2020-07","14.44"
"USW00092821","TITUSVILLE 7 E, FL US","28.6159","-80.6929","0.9","2020-07","9.39"
"US1FLSJ0016","ST. AUGUSTINE 12.2 WNW, FL US","29.944067","-81.5061",,"2020-07","8.98"
"US1FLPB0031","ROYAL PALM BEACH 5.0 W, FL US","26.714038","-80.30703","5.2","2020-07","8.80"
"USW00013889","JACKSONVILLE INTERNATIONAL AIRPORT, FL US","30.495","-81.6936","7.9","2020-07","5.86"
"US1FLPB0034","PAHOKEE 1.6 NE, FL US","26.8374","-80.6471","4.3","2020-07","10.13"
"US1FLPB0036","LANTANA 0.3 E, FL US","26.5838024911087","-80.0506314844475","1.5","2020-07","5.85"
"US1FLPB0037","WELLINGTON 0.7 SE, FL US","26.6510124206543","-80.2475204467773","4.6","2020-07","8.93"
"USW00013884","CRESTVIEW BOB SIKES AIRPORT, FL US","30.77972","-86.5225","57.9","2020-07","11.15"
"US1FLOR0027","ORLANDO 4.9 N, FL US","28.5743007659912","-81.385139465332","31.1","2020-07","7.27"
"US1FLOR0026","ORLANDO 4.8 NNW, FL US","28.5722484588623","-81.3958358764648","30.2","2020-07","7.13"
"US1FLOR0023","ORANGE 11.2 NE, FL US","28.587995","-81.106032","21.3","2020-07","10.97"
"US1FLSJ0020","ST. AUGUSTINE 3.1 SSE, FL US","29.84995","-81.29036667","3.0","2020-07","5.65"
"US1FLSJ0023","ST. AUGUSTINE 3.4 NW, FL US","29.9269","-81.3517","8.5","2020-07","4.44"
"US1FLSJ0028","ST. AUGUSTINE 3.4 SW, FL US","29.851774","-81.34475","17.4","2020-07","4.29"
"US1FLSJ0029","SAWGRASS 0.0 E, FL US","30.192481","-81.370231","8.8","2020-07","7.55"
"USC00085076","LISBON, FL US","28.8728","-81.7844","20.7","2020-07","7.19"
"USW00003818","MARIANNA MUNICIPAL AIRPORT, FL US","30.83556","-85.18389","34.4","2020-07","3.26"
"USW00013899","PENSACOLA REGIONAL AIRPORT, FL US","30.47806","-87.18694","34.1","2020-07","8.85"
"US1FLOR0019","UNION PARK 1.1 E, FL US","28.562445","-81.218461","19.8","2020-07","12.87"
"USW00003853","MAYPORT PILOT STATION, FL US","30.4","-81.41667","4.9","2020-07","4.78"
"USW00003855","PENSACOLA FOREST SHERMAN NAS, FL US","30.35","-87.31667","8.5","2020-07",
"USC00089401","WAUCHULA, FL US","27.5477","-81.7994","18.3","2020-07","6.62"
"US1FLHB0001","PLANT CITY 6.5 NW, FL US","28.066173","-82.209836","39.3","2020-07","9.54"
"US1FLHB0005","CITRUS PARK 1.3 ENE, FL US","28.08232","-82.549328","15.5","2020-07","8.40"
"US1FLHB0004","VALRICO 2.2 SE, FL US","27.9125","-82.2261","32.9","2020-07","5.47"
"USC00087228","MOUNT PLYMOUTH 1 SSW, FL US","28.7991","-81.5373","27.4","2020-07","7.88"
"US1FLBV0113","SATELLITE BEACH 0.8 SE, FL US","28.1668","-80.5912","2.1","2020-07","7.95"
"US1FLBV0114","PALM BAY 4.8 ENE, FL US","28.015158","-80.589071","6.1","2020-07","9.03"
"US1FLOS0029","ST. CLOUD 2.4 NE, FL US","28.265881","-81.261023","18.9","2020-07","6.50"
"US1FLBV0111","MELBOURNE 7.7 WNW, FL US","28.145235","-80.715782","8.8","2020-07","8.93"
"US1FLOS0027","ST. CLOUD 2.9 S, FL US","28.20062","-81.28499","27.1","2020-07","10.40"
"US1FLBV0110","PALM BAY 3.7 NE, FL US","28.02342","-80.617358","5.5","2020-07","7.18"
"US1FLOS0031","CAMPBELL 1.4 NNW, FL US","28.273786","-81.464702","21.3","2020-07","10.37"
"US1FLSJ0004","ST. AUGUSTINE SOUTH 2.1 SSW, FL US","29.81285","-81.331895","15.8","2020-07","4.38"
"US1FLPB0043","JUPITER 2.0 SW, FL US","26.901957","-80.124571","4.6","2020-07","11.25"
"US1FLPB0044","BOCA RATON 2.7 NE, FL US","26.3984977","-80.0735918","1.5","2020-07","8.59"
"US1FLHB0010","TAMPA 5.1 S, FL US","27.885885","-82.489524","2.1","2020-07","4.83"
"US1FLHB0016","PLANT CITY 3.4 E, FL US","28.00876","-82.07244","50.0","2020-07","7.26"
"US1FLBW0151","SUNRISE 0.4 NNE, FL US","26.15695","-80.2965","2.4","2020-07","13.10"
"US1FLHB0017","SUN CITY CENTER 1.0 NE, FL US","27.7305","-82.3384","21.0","2020-07","7.19"
"US1FLBW0153","PEMBROKE PINES 4.1 E, FL US","26.007778","-80.229722","2.4","2020-07","8.01"
"USC00080414","BAHIA HONDA STATE PARK, FL US","24.65538","-81.2802","0.6","2020-07","7.99"
"US1FLOR0055","ORLANDO 6.8 W, FL US","28.529951","-81.487441","38.4","2020-07","8.36"
"US1FLOR0050","BUENA VENTURA LAKES 6.0 ENE, FL US","28.36921","-81.26293","27.4","2020-07","10.50"
"US1FLSL0051","PORT ST. LUCIE 3.5 WSW, FL US","27.2671","-80.4102","9.4","2020-07","6.19"
"US1FLPB0072","BOYNTON BEACH 6.2 WNW, FL US","26.55375","-80.176418","11.0","2020-07","11.10"
"US1FLSL0050","PORT ST. LUCIE 1.8 SW, FL US","27.26259","-80.37666","10.1","2020-07","6.83"
"US1FLPB0077","ABERDEEN 1.4 WNW, FL US","26.5613422393799","-80.1686172485352","9.4","2020-07","12.49"
"US1FLPB0079","BOCA RATON 2.1 ENE, FL US","26.38388","-80.07553","2.1","2020-07","9.02"
"US1FLPB0061","DELRAY BEACH 1.6 WSW, FL US","26.4419841766357","-80.1105346679688","4.9","2020-07","9.04"
"US1FLPB0063","DELRAY BEACH 1.9 SSE, FL US","26.4277744293213","-80.0808944702148","4.3","2020-07","6.86"
"US1FLLK0028","FRUITLAND PARK 0.8 NNW, FL US","28.8679","-81.9152","37.2","2020-07","11.58"
"US1FLOR0035","BAY LAKE 4.1 WSW, FL US","28.356718","-81.633374","37.2","2020-07","10.72"
"US1FLLK0025","ASTATULA 1.0 E, FL US","28.7109184265137","-81.7188262939453","26.8","2020-07","5.65"
"US1FLOR0034","OCOEE 1.4 N, FL US","28.592667","-81.5285","51.2","2020-07","11.04"
"US1FLLK0027","OAKLAND 3.4 WSW, FL US","28.542227","-81.683054","43.0","2020-07","13.06"
"US1FLLK0021","LADY LAKE 1.2 ESE, FL US","28.92","-81.9116","27.1","2020-07","9.83"
"US1FLLK0022","LADY LAKE 2.0 NNW, FL US","28.954757","-81.93905","27.1","2020-07","6.26"
"US1FLOR0030","ORLANDO 12.0 S, FL US","28.3645","-81.4146","26.8","2020-07","9.06"
"US1FLLK0023","LEESBURG 9.9 NE, FL US","28.901711","-81.757617","24.7","2020-07","8.40"
"US1FLSL0033","FORT PIERCE 5.1 SSW, FL US","27.370372","-80.342765","1.5","2020-07","7.13"
"USC00087020","PERRINE 4 W, FL US","25.5819","-80.4361","3.0","2020-07","11.26"
"USC00087261","NEW SMYRNA BEACH MARINE DISCOVERY CENTER, FL US","29.0361","-80.918","4.9","2020-07","10.37"
"US1FLPB0095","LAKE WORTH 0.5 ESE, FL US","26.61792","-80.05154","2.4","2020-07","6.29"
"US1FLPB0096","BELLE GLADE 2.6 N, FL US","26.723492","-80.666527","4.3","2020-07","13.19"
"US1FLPB0098","ROYAL PALM BEACH 6.9 WNW, FL US","26.74734","-80.3282","6.1","2020-07","7.45"
"US1FLLK0039","PAISLEY 1.1 ESE, FL US","28.9789","-81.5248","18.9","2020-07","10.07"
"US1FLOR0046","ORLANDO 2.2 WNW, FL US","28.5139054","-81.409581","31.4","2020-07","8.22"
"US1FLLK0036","CLERMONT 2.1 NW, FL US","28.573674","-81.782141","29.9","2020-07","8.89"
"US1FLLK0031","LADY LAKE 5.5 S, FL US","28.849946","-81.944595","26.2","2020-07","5.37"
"US1FLOR0040","WINDERMERE 1.2 NW, FL US","28.508263","-81.546927","36.0","2020-07","7.35"
"US1FLLK0030","LEESBURG 2.7 NW, FL US","28.836163","-81.913656","23.2","2020-07","11.40"
"US1FLMT0001","PALM CITY 4.0 SW, FL US","27.1222","-80.3169","11.9","2020-07","10.93"
"US1FLPB0080","BOCA RATON 3.8 WSW, FL US","26.35442","-80.164432","4.6","2020-07","9.11"
"US1FLPB0081","PALM BEACH SHORES 1.4 N, FL US","26.79701","-80.034979","1.5","2020-07","5.30"
"US1FLPB0082","DELRAY BEACH 2.3 WSW, FL US","26.446739","-80.125586","4.9","2020-07","9.66"
"US1FLPB0087","GOLDEN LAKES 2.4 SSW, FL US","26.6674136","-80.1785257","7.9","2020-07","8.01"
"USC00089219","VERO BEACH 4 SE, FL US","27.6527","-80.403","6.1","2020-07","14.81"
"USC00088368","SOUTH BAY 15 S, FL US","26.47","-80.6402","6.1","2020-07","10.33"
"US1FLPN0006","SOUTH PASADENA 1.0 NE, FL US","27.763511","-82.73149","3.7","2020-07","5.52"
"US1FLBW0103","MIRAMAR 2.1 W, FL US","25.974669","-80.36703","1.5","2020-07","12.30"
"US1FLSL0019","PORT ST. LUCIE 4.0 NE, FL US","27.323691","-80.311118","4.3","2020-07","8.44"
"US1FLLK0003","GROVELAND 1.7 E, FL US","28.565","-81.824","34.1","2020-07","8.52"
"US1FLLK0005","MOUNT PLYMOUTH 0.2 WSW, FL US","28.799","-81.535","27.4","2020-07","7.88"
"US1FLPN0009","ST. PETERSBURG 2.3 SSE, FL US","27.725489","-82.632544","7.0","2020-07","8.84"
"US1FLSL0015","FORT PIERCE 3.4 NNE, FL US","27.487398","-80.303462","0.3","2020-07","10.22"
"US1FLSL0017","TRADITION 5.6 W, FL US","27.268118","-80.445381","7.0","2020-07","5.41"
"US1FLSL0013","PORT ST. LUCIE 2.4 SSW, FL US","27.249422","-80.371835","11.0","2020-07","6.94"
"US1FLLV0001","DUNNELLON 10.1 NW, FL US","29.15689","-82.561089","18.9","2020-07","9.16"
"US1FLPS0072","LAND O LAKES 4.1 E, FL US","28.228266","-82.387575","23.2","2020-07","6.27"
"US1FLPS0074","DADE CITY 3.2 SSE, FL US","28.318936","-82.17694","52.4","2020-07","10.30"
"US1FLHB0069","RIVERVIEW 2.1 W, FL US","27.8658","-82.3507","13.1","2020-07","5.09"
"USC00086315","NORTH MIAMI BEACH NUMBER 2, FL US","25.95","-80.2158","3.0","2020-07","12.32"
"US1FLLK0017","LEESBURG 5.4 SSE, FL US","28.736608505249","-81.8464813232422","29.6","2020-07","5.29"
"US1FLIR0047","VERO BEACH 6.0 S, FL US","27.5591","-80.3935","4.9","2020-07","8.88"
"US1FLIR0048","VERO BEACH 5.4 NNW, FL US","27.71092","-80.44274","7.3","2020-07","11.69"
"US1FLLK0016","LADY LAKE 2.5 SSW, FL US","28.892491","-81.9404069","24.1","2020-07","6.83"
"US1FLSW0014","SUWANNEE SPRINGS 0.9 S, FL US","30.379973","-82.936585","29.9","2020-07","6.76"
"US1FLMT0016","CANAL POINT 9.9 NNE, FL US","26.993","-80.5739","7.0","2020-07","5.86"
"US1FLSL0022","PORT ST. LUCIE 2.4 N, FL US","27.313837","-80.356329","4.9","2020-07","6.05"
"US1FLSW0011","LIVE OAK 5.1 SSE, FL US","30.233036","-82.938886","39.3","2020-07","7.40"
"US1FLSW0008","LIVE OAK 10.0 W, FL US","30.30671","-83.15325","24.4","2020-07","3.03"
"USR0000FCEN","CENTRAL FLORIDA, FL US","29.105","-81.63","18.6","2020-07",
"US1FLPS0065","TRINITY 3.0 ENE, FL US","28.187136","-82.623338","7.0","2020-07","8.15"
"US1FLIR0050","VERO BEACH SOUTH 2.4 WNW, FL US","27.630637","-80.449648","5.8","2020-07","20.07"
"US1FLMT0028","JENSEN BEACH 1.5 N, FL US","27.2572631835938","-80.2338180541992","15.5","2020-07","7.31"
"USR0000FRAC","RACCOON POINT FLORIDA, FL US","25.9708","-80.9","2.1","2020-07",
"US1FLMT0026","INDIANTOWN 0.4 SW, FL US","27.0325813293457","-80.4732360839844","14.3","2020-07","5.79"
"US1FLMT0031","PALM CITY 1.4 NW, FL US","27.175463","-80.284975","3.7","2020-07","12.17"
"US1FLOB0005","OKEECHOBEE 18.0 NNW, FL US","27.4681","-80.97531","19.5","2020-07","5.59"
"US1FLGC0003","NEWBERRY 4.0 WNW, FL US","29.676548","-82.668717","26.5","2020-07","7.93"
"USC00083020","FLAMINGO RANGER STATION, FL US","25.1422","-80.9144","0.9","2020-07","6.30"
"US1FLGC0008","TRENTON 4.0 NW, FL US","29.656267","-82.862753","14.9","2020-07","9.20"
"US1FLSM0030","WINTER SPRINGS 2.3 E, FL US","28.67596","-81.23704","17.4","2020-07","11.43"
"US1FLMT0039","PALM CITY 0.9 SW, FL US","27.151419","-80.279563","8.2","2020-07","9.52"
"US1FLMT0037","STUART 5.9 SSE, FL US","27.120823","-80.195424","4.6","2020-07","10.85"
"US1FLMT0036","JENSEN BEACH 1.4 N, FL US","27.255964","-80.235149","5.8","2020-07","7.29"
"US1FLMT0035","STUART 8.4 S, FL US","27.0728","-80.2583","5.2","2020-07","10.22"
"US1FLMT0043","INDIANTOWN 11.1 NW, FL US","27.164244","-80.576671","12.8","2020-07","8.59"
"US1FLMT0042","HOBE SOUND 0.6 WNW, FL US","27.076799","-80.148404","5.2","2020-07","9.11"
"US1FLSM0034","OVIEDO 2.1 N, FL US","28.688583","-81.182764","11.9","2020-07","10.88"
"US1FLHB0098","RIVERVIEW 4.8 SSW, FL US","27.80473","-82.34099","13.4","2020-07","3.90"
"US1FLDX0002","CROSS CITY 4.7 E, FL US","29.644008","-83.047261","11.3","2020-07","7.49"
"US1FLDX0003","OLD TOWN 4.9 NW, FL US","29.657909","-83.033173","11.0","2020-07","8.40"
"US1FLSM0020","OVIEDO 1.6 SE, FL US","28.638666","-81.165168","15.2","2020-07","8.94"
"US1FLBV0102","PALM BAY 2.6 NW, FL US","28.009979","-80.691883","7.0","2020-07","4.46"
"US1FLBV0100","PALM BAY 0.9 ENE, FL US","27.99038","-80.64723","9.4","2020-07","6.72"
"US1FLHB0029","TAMPA 6.5 NNE, FL US","28.03011","-82.40623","27.1","2020-07","5.57"
"US1FLBV0109","SATELLITE BEACH 1.7 NNW, FL US","28.199197","-80.609386","2.4","2020-07","7.78"
"US1FLBV0107","INDIALANTIC 2.1 NNW, FL US","28.116404","-80.580601","5.5","2020-07","8.21"
"US1FLBV0105","MELBOURNE BEACH 2.8 SSE, FL US","28.02972222","-80.54166667","2.7","2020-07","9.94"
"USC00087205","PLANT CITY, FL US","28.02084","-82.13855","33.5","2020-07","7.69"
"US1FLHB0027","LUTZ 1.3 SSE, FL US","28.122804","-82.45308","25.9","2020-07","4.52"
"US1FLSM0026","ALTAMONTE SPRINGS 1.5 N, FL US","28.68309","-81.3997","31.4","2020-07","8.29"
"US1FLFR0002","APALACHICOLA 0.8 WNW, FL US","29.731","-85.007","5.5","2020-07","6.37"
"US1FLBW0137","POMPANO BEACH 1.2 NNE, FL US","26.25213","-80.1224","5.5","2020-07","9.17"
"US1FLFR0003","EASTPOINT 1.4 NW, FL US","29.7627449035645","-84.8865966796875","1.8","2020-07","8.02"
"US1FLFR0008","EASTPOINT 5.8 SSE, FL US","29.670924","-84.841815","3.0","2020-07","7.07"
"USC00088782","TAMPA BAY AREA WEATHER FORECAST OFFICE, FL US","27.70532","-82.40092","12.2","2020-07","4.99"
"US1FLSM0018","SANFORD 1.9 WNW, FL US","28.7971153259277","-81.305061340332","10.4","2020-07","6.89"
"US1FLHB0033","BLOOMINGDALE 7.6 ESE, FL US","27.828269","-82.148655","32.0","2020-07","5.22"
"USR0000FCAC","CACHE FLORIDA, FL US","25.3903","-80.6803","1.5","2020-07",
"US1FLBW0131","MIRAMAR 2.3 W, FL US","25.976034","-80.3696","1.5","2020-07","12.38"
"US1FLHB0037","LUTZ 2.0 E, FL US","28.135757","-82.430417","29.0","2020-07","5.57"
"US1FLGD0001","QUINCY 6.0 SW, FL US","30.524685","-84.658601","64.9","2020-07","5.37"
"US1FLGD0003","QUINCY 6.0 SW, FL US","30.529356","-84.662083","73.2","2020-07","4.10"
"US1FLGD0002","HAVANA 4.2 SW, FL US","30.582286","-84.467118","85.0","2020-07","5.97"
"US1FLHB0040","UNIVERSITY WEST 2.0 WNW, FL US","28.082426","-82.464012","25.9","2020-07","6.31"
"US1FLGD0004","QUINCY 7.5 SSW, FL US","30.481636","-84.618846","57.9","2020-07","5.10"
"US1FLGD0007","HAVANA 5.1 SSW, FL US","30.56082","-84.45871","64.6","2020-07","3.94"
"US1FLSM0008","CHULUOTA 0.9 N, FL US","28.651958","-81.120867","18.0","2020-07","11.27"
"US1FLOS0001","POINCIANA PLACE 2.6 NNW, FL US","28.193045","-81.499722","27.1","2020-07","7.85"
"US1FLBW0121","POMPANO BEACH 3.1 NE, FL US","26.27232","-80.10258","3.0","2020-07","7.70"
"US1FLHB0044","RUSKIN 1.8 ESE, FL US","27.705656","-82.400519","17.1","2020-07","5.00"
"US1FLHB0048","GREATER NORTHDALE 0.4 ENE, FL US","28.107081","-82.513162","25.9","2020-07","6.92"
"USC00088756","TALLAHASSEE AIRPORT, FL US","30.3961","-84.3555","16.8","2020-07","6.18"
"US1FLHB0051","LUTZ 2.2 SSE, FL US","28.11046","-82.446","25.9","2020-07","3.98"
"US1FLJK0002","ALFORD 0.6 SSE, FL US","30.6871579","-85.3929456","41.5","2020-07","4.74"
"US1FLJK0003","MARIANNA 3.9 E, FL US","30.773695","-85.174727","36.0","2020-07","3.56"
"US1FLLV0017","CHIEFLAND 1.4 NNW, FL US","29.499052","-82.866648","10.7","2020-07","11.88"
"US1FLLV0015","INGLIS 0.6 N, FL US","29.04094","-82.65981","10.4","2020-07","7.97"
"US1FLLV0014","WILLISTON 6.9 NW, FL US","29.442021","-82.535997","21.0","2020-07","5.26"
"US1FLBW0110","HOLLYWOOD 1.1 WNW, FL US","26.0377389","-80.179971","1.8","2020-07","6.53"
"US1FLHB0055","TAMPA 5.0 NNE, FL US","28.0126","-82.4155","15.8","2020-07","5.20"
"USC00083207","FORT PIERCE, FL US","27.4419","-80.3508","7.6","2020-07","8.97"
"USC00083209","FORT PIERCE ARC, FL US","27.4272","-80.4053","6.1","2020-07","12.17"
"US1FLPN0083","CLEARWATER 1.6 N, FL US","28.00292","-82.76236","22.6","2020-07","8.69"
"US1FLPN0087","GULFPORT 0.6 SSE, FL US","27.7389","-82.7053","3.0","2020-07","5.98"
"US1FLLN0063","TALLAHASSEE 4.8 ESE, FL US","30.4379405975342","-84.2041015625","21.9","2020-07","5.55"
"US1FLLN0064","TALLAHASSEE 7.2 N, FL US","30.5602550506592","-84.2729339599609","57.6","2020-07","4.11"
"US1FLLN0060","TALLAHASSEE 6.2 E, FL US","30.45733","-84.17725","25.3","2020-07","5.99"
"US1FLPN0081","ST. PETERSBURG 2.5 S, FL US","27.72294","-82.64922","8.8","2020-07","6.87"
"US1FLDV0032","JACKSONVILLE 11.4 ESE, FL US","30.314391","-81.467561","7.0","2020-07","6.76"
"US1FLDV0033","JACKSONVILLE 10.0 WSW, FL US","30.30437","-81.82263","26.5","2020-07","5.66"
"USR0000FBLO","BLOXHAM FLORIDA, FL US","30.5872","-84.9886","30.5","2020-07",
"US1FLBY0007","PANAMA CITY BEACH 0.3 SW, FL US","30.206798","-85.855352","9.1","2020-07","9.48"
"US1FLPN0094","LARGO 3.1 SE, FL US","27.88195","-82.74113","4.9","2020-07","6.73"
"US1FLPN0097","ST. PETERSBURG 5.8 W, FL US","27.76568","-82.73591","3.4","2020-07","5.19"
"US1FLPN0096","CLEARWATER 2.9 SE, FL US","27.948052","-82.735159","5.5","2020-07","5.13"
"US1FLPN0099","ST. PETERSBURG 4.9 WNW, FL US","27.77748","-82.71843","6.4","2020-07","7.14"
"US1FLLN0072","TALLAHASSEE 5.0 SE, FL US","30.4106","-84.21798","31.4","2020-07","5.97"
"US1FLPN0091","DUNEDIN 2.9 ESE, FL US","28.03304","-82.76224","14.0","2020-07","7.33"
"US1FLPN0090","PINELLAS PARK 1.7 ENE, FL US","27.86744","-82.68151","3.7","2020-07","6.20"
"US1FLDV0042","JACKSONVILLE 10.3 SW, FL US","30.235","-81.78694444","21.0","2020-07","4.63"
"US1FLPN0092","LARGO 0.9 ESE, FL US","27.90218","-82.76874","3.4","2020-07","5.04"
"USC00081276","CANAL POINT USDA, FL US","26.8639","-80.6256","9.1","2020-07",
"US1FLDV0047","JACKSONVILLE 12.0 SSE, FL US","30.17049","-81.581833","7.3","2020-07","8.73"
"US1FLLN0078","TALLAHASSEE 5.6 SE, FL US","30.39058","-84.22671","19.2","2020-07","7.60"
"US1FLLN0079","TALLAHASSEE 0.6 ENE, FL US","30.441156","-84.271997","46.0","2020-07","6.20"
"US1FLBY0016","PANAMA CITY 6.9 ESE, FL US","30.13825","-85.56562","4.3","2020-07","12.00"
"US1FLBY0015","FOUNTAIN 3.4 SSE, FL US","30.432762","-85.39918","40.2","2020-07","8.43"
"USR0000FOCH","OCHOPEE FLORIDA, FL US","25.9167","-81.2833","2.1","2020-07",
"US1FLLE0006","BUCKINGHAM 1.7 SE, FL US","26.658553","-81.713763","13.1","2020-07","11.54"
"US1FLPN0060","ST. PETERSBURG 4.5 NW, FL US","27.80193","-82.69669","15.5","2020-07","8.74"
"US1FLLN0080","TALLAHASSEE 4.7 ENE, FL US","30.478754","-84.206402","53.3","2020-07","4.98"
"US1FLDV0013","NEPTUNE BEACH 0.5 NNW, FL US","30.321562","-81.395639",,"2020-07","3.73"
"US1FLBY0010","PANAMA CITY BEACH 5.9 WNW, FL US","30.2535","-85.93693","13.4","2020-07","10.14"
"USC00085603","MELBOURNE BEACH A1A, FL US","28.0547","-80.5512","3.7","2020-07","6.52"
"US1FLBY0024","PANAMA CITY 1.9 SE, FL US","30.15108","-85.65493","8.2","2020-07","9.14"
"US1FLCR0062","GOLDEN GATE 2.2 SW, FL US","26.16472","-81.732433","4.3","2020-07","3.59"
"US1FLPN0074","ST. PETERSBURG 1.6 WNW, FL US","27.767438","-82.665359","15.5","2020-07","6.46"
"US1FLBK0007","MACCLENNY 4.9 SSW, FL US","30.216118","-82.160629","40.2","2020-07","8.47"
"US1FLPN0077","SEMINOLE 3.3 WNW, FL US","27.8618","-82.83478","9.1","2020-07","5.90"
"US1FLBK0006","GLEN ST. MARY 1.7 N, FL US","30.298508","-82.16236","36.3","2020-07","7.41"
"US1FLBK0005","GLEN ST. MARY 4.4 SW, FL US","30.237","-82.2189","39.0","2020-07","9.02"
"US1FLPN0079","ST. PETERSBURG 2.2 N, FL US","27.789892","-82.643677","11.0","2020-07","8.00"
"US1FLPN0071","PALM HARBOR 1.0 S, FL US","28.07288","-82.76536","8.5","2020-07","6.32"
"US1FLDV0021","JACKSONVILLE 8.8 E, FL US","30.356","-81.512","18.0","2020-07","6.24"
"US1FLBY0021","PANAMA CITY BEACH 5.4 SE, FL US","30.162756","-85.780702","4.0","2020-07","8.88"
"US1FLDV0026","JACKSONVILLE 7.3 SW, FL US","30.260754","-81.744432","4.9","2020-07","8.00"
"US1FLBY0023","LYNN HAVEN 1.0 W, FL US","30.2404","-85.6674","2.1","2020-07","14.52"
"US1FLBY0022","PANAMA CITY BEACH 4.4 ESE, FL US","30.1807529","-85.7869488","5.8","2020-07","8.77"
"US1FLDV0028","JACKSONVILLE 3.8 ESE, FL US","30.315674","-81.598511","4.9","2020-07","4.18"
"USC00085612","MELBOURNE WEATHER FORECAST OFFICE, FL US","28.1136","-80.654","10.7","2020-07","10.20"
"US1FLCR0052","NAPLES 18.6 ENE, FL US","26.274447","-81.53183","5.8","2020-07","5.69"
"USR0000FOAS","OASIS FLORIDA, FL US","25.85","-81.03","2.4","2020-07",
"US1FLCR0056","MARCO 1.1 SSE, FL US","25.9285","-81.7094","4.0","2020-07","9.66"
"US1FLCR0053","NAPLES 16.6 ENE, FL US","26.26395","-81.56185","7.6","2020-07","8.12"
"US1FLCR0059","NAPLES 11.8 ENE, FL US","26.22706","-81.62801","8.8","2020-07","11.25"
"US1FLCR0057","AVE MARIA 0.4 SE, FL US","26.33286","-81.43394","7.0","2020-07","6.60"
"US1FLFL0047","PALM COAST 4.5 SSW, FL US","29.5135373","-81.2507217","12.2","2020-07","9.04"
"US1FLFL0049","PALM COAST 1.9 S, FL US","29.544003","-81.21661","7.3","2020-07","5.56"
"USC00082150","DAYTONA BEACH, FL US","29.1966","-81.0084","8.8","2020-07","14.26"
"USC00084571","KEY WEST WEATHER FORECAST OFFICE, FL US","24.55338","-81.78807","1.2","2020-07","10.34"
"USC00086999","PENSACOLA 7 NNE, FL US","30.5301","-87.19847","34.7","2020-07","10.66"
"USC00085667","MIAMI NWSFO, FL US","25.7553","-80.3836","4.3","2020-07","8.44"
"US1FLFL0037","PALM COAST 3.9 SSW, FL US","29.517738","-81.235001","10.1","2020-07","9.00"
"US1FLFL0036","PALM COAST 2.4 NE, FL US","29.592","-81.1828","9.4","2020-07","7.31"
"US1FLFL0039","FLAGLER BEACH 2.3 SSE, FL US","29.44176","-81.1106","6.1","2020-07","9.36"
"US1FLFL0038","PALM COAST 4.1 S, FL US","29.512287","-81.212819","9.1","2020-07","9.84"
"US1FLFL0043","PALM COAST 8.3 S, FL US","29.4504","-81.2156","9.4","2020-07","6.62"
"US1FLFL0040","PALM COAST 0.8 NNW, FL US","29.58079","-81.22079","11.0","2020-07","6.13"
"USC00086761","PALM BAY, FL US","27.91527","-80.64573","8.2","2020-07","6.97"
"US1FLFL0042","PALM COAST 5.7 SSW, FL US","29.493861","-81.245204","13.1","2020-07","7.51"
"USC00086764","PALM BEACH GARDENS, FL US","26.8261","-80.1488","6.1","2020-07","6.83"
"USC00087851","SAINT LEO, FL US","28.3378","-82.26","57.9","2020-07","8.16"
"US1FLDV0003","JACKSONVILLE 5.9 SW, FL US","30.276483","-81.730413","7.0","2020-07","6.39"
"USC00088942","TITUSVILLE, FL US","28.6243","-80.817","4.9","2020-07","11.06"
"USC00085880","MONTICELLO 10 SW, FL US","30.4405","-83.9858","66.8","2020-07","6.29"
"US1FLPN0036","DUNEDIN 2.8 ESE, FL US","28.034694","-82.764528","20.1","2020-07","7.28"
"US1FLPN0034","ST. PETERSBURG 3.2 NNW, FL US","27.803252","-82.65457","15.2","2020-07","9.50"
"US1FLPK0039","BARTOW 7.8 SE, FL US","27.828452","-81.743273","57.9","2020-07","9.53"
"USW00012834","DAYTONA BEACH INTERNATIONAL AIRPORT, FL US","29.1828","-81.0483","9.4","2020-07","8.53"
"USW00012833","CROSS CITY AIRPORT, FL US","29.63333","-83.10528","11.6","2020-07","10.17"
"USW00012832","APALACHICOLA AIRPORT, FL US","29.73333","-85.03333","5.8","2020-07","4.78"
"US1FLPK0035","FROSTPROOF 4.6 SW, FL US","27.70274","-81.58903","48.2","2020-07","12.50"
"US1FLPK0034","LAKELAND 6.9 SW, FL US","27.960836","-81.995608","32.9","2020-07","10.82"
"US1FLPK0032","LAKELAND 5.3 WNW, FL US","28.06498","-82.04227","34.1","2020-07","10.44"
"USW00012839","MIAMI INTERNATIONAL AIRPORT, FL US","25.7881","-80.3169","8.8","2020-07","10.27"
"USW00012838","MELBOURNE INTERNATIONAL AIRPORT, FL US","28.1011","-80.6439","8.2","2020-07","9.61"
"USW00012836","KEY WEST INTERNATIONAL AIRPORT, FL US","24.5571","-81.7554","0.3","2020-07","6.19"
"USW00012835","FORT MYERS PAGE FIELD AIRPORT, FL US","26.585","-81.8614","4.6","2020-07","2.41"
"USR0000FOLU","OLUSTEE FLORIDA, FL US","30.2","-82.4","45.7","2020-07",
"USR0000FMIL","MILES CITY FLORIDA, FL US","26.2483","-81.2967","4.6","2020-07",
"USW00012844","WEST PALM BEACH INTERNATIONAL AIRPORT, FL US","26.6847","-80.0994","5.8","2020-07","11.81"
"USW00012843","VERO BEACH INTERNATIONAL AIRPORT, FL US","27.651","-80.4199","8.5","2020-07","14.30"
"USR0000FSUM","SUMATRA FLORIDA, FL US","30.0175","-84.9842","18.3","2020-07",
"USW00012842","TAMPA INTERNATIONAL AIRPORT, FL US","27.96194","-82.5403","5.8","2020-07","4.43"
"USW00012841","ORLANDO EXECUTIVE AIRPORT, FL US","28.54528","-81.33306","32.9","2020-07","10.72"
"US1FLPK0050","AUBURNDALE 1.1 W, FL US","28.071828","-81.815935","43.6","2020-07","10.24"
"US1FLDS0003","LAKE SUZY 1.0 W, FL US","27.039043","-82.054567","7.9","2020-07","6.20"
"US1FLFL0033","FLAGLER BEACH 1.3 SE, FL US","29.456418","-81.116289","6.1","2020-07","10.37"
"US1FLDV0091","JACKSONVILLE 10.6 NNW, FL US","30.483907","-81.701631","10.7","2020-07","6.75"
"US1FLFL0032","PALM COAST 1.9 NNE, FL US","29.59384","-81.19681","16.8","2020-07","7.61"
"US1FLFL0035","PALM COAST 1.8 N, FL US","29.597231","-81.220062","4.6","2020-07","7.79"
"US1FLDV0094","JACKSONVILLE 4.1 SW, FL US","30.2991","-81.7126","7.6","2020-07","6.83"
"USR0000FSTM","ST. MARKS EAST FLORIDA, FL US","30.1333","-84.1333","4.6","2020-07",
"USC00089120","USHER TOWER, FL US","29.40807","-82.8188","10.1","2020-07","11.14"
"US1FLFL0030","PALM COAST 4.2 SSW, FL US","29.51611","-81.24503","13.7","2020-07","8.87"
"US1FLDV0098","FRUIT COVE 5.9 E, FL US","30.1148","-81.5205","6.4","2020-07","7.71"
"USW00012812","PUNTA GORDA CHARLOTTE CO AIRPORT, FL US","26.91722","-81.99139","7.6","2020-07","8.33"
"USW00093841","WHITING FIELD NAS, FL US","30.71667","-87.01667","60.7","2020-07",
"US1FLPK0055","POLK CITY 1.6 WSW, FL US","28.1722","-81.84917",,"2020-07","7.04"
"USC00081641","CLERMONT 9 S, FL US","28.4558","-81.7234","39.6","2020-07","9.77"
"US1FLPK0053","POINCIANA PLACE 2.5 SSW, FL US","28.124194","-81.500476","22.9","2020-07","13.54"
"USW00012819","LEESBURG MUNICIPAL AIRPORT, FL US","28.82083","-81.80972","23.5","2020-07","5.10"
"USW00012818","BROOKSVILLE HERNANDO CO AIRPORT, FL US","28.47361","-82.45444","23.5","2020-07","7.72"
"USW00012816","GAINESVILLE REGIONAL AIRPORT, FL US","29.6919","-82.2755","37.5","2020-07","6.27"
"USW00012815","ORLANDO INTERNATIONAL AIRPORT, FL US","28.4339","-81.325","27.4","2020-07","7.19"
"US1FLFL0019","BUNNELL 1.0 ENE, FL US","29.472222","-81.243889","5.8","2020-07","8.23"
"US1FLWK0010","CRAWFORDVILLE 1.0 S, FL US","30.17982","-84.36779","6.4","2020-07","4.20"
"USC00088051","SCOTTSMOOR 2.5 SSW, FL US","28.7299","-80.8795","12.8","2020-07","9.47"
"US1FLHD0003","BOWLING GREEN 0.6 W, FL US","27.636864","-81.833733","28.7","2020-07","7.73"
"USW00093837","JACKSONVILLE NAS, FL US","30.23333","-81.66667","6.1","2020-07","5.30"
"US1FLFL0024","PALM COAST 2.1 NNE, FL US","29.59963","-81.20458","2.1","2020-07","8.31"
"US1FLFL0023","BUNNELL 7.7 W, FL US","29.459171295166","-81.3858947753906","5.8","2020-07","6.43"
"US1FLPK0048","LAKELAND 3.6 SSE, FL US","27.991478","-81.943008","36.0","2020-07","0.00"
"US1FLMN0025","KEY LARGO 6.2 NE, FL US","25.1691665649414","-80.3716354370117","1.8","2020-07","6.80"
"US1FLMN0024","KEY WEST 0.5 SW, FL US","24.557245","-81.78091","0.6","2020-07","10.94"
"US1FLMN0023","MARATHON 6.8 ENE, FL US","24.74355","-80.9788","0.3","2020-07","9.20"
"US1FLNS0014","FERNANDINA BEACH 6.3 SW, FL US","30.597876","-81.528411","6.4","2020-07","4.67"
"USR0000FMER","MERRITT ISLAND FLORIDA, FL US","28.6408","-80.7308","9.1","2020-07",
"US1FLNS0012","FERNANDINA BEACH 0.6 S, FL US","30.648933","-81.448349","6.1","2020-07","4.38"
"US1FLMN0021","KEY LARGO 0.9 SE, FL US","25.0954666137695","-80.4317779541016","0.6","2020-07","9.96"
"US1FLNS0010","HEDGES 0.3 ESE, FL US","30.597933","-81.594717","7.0","2020-07","4.18"
"USW00012876","WINTER HAVEN GILBERT AIRPORT, FL US","28.06222","-81.75417","44.5","2020-07","6.88"
"US1FLDV0079","JACKSONVILLE 9.6 SE, FL US","30.227373","-81.55649","9.4","2020-07","4.87"
"USW00012873","ST PETERSBURG CLEARWATER INTERNATIONAL AIRPORT, FL US","27.91056","-82.6875","3.4","2020-07","5.03"
"USW00012871","SARASOTA BRADENTON AIRPORT, FL US","27.40139","-82.55861","8.5","2020-07","6.09"
"US1FLPB0106","SANDALFOOT COVE 0.8 NW, FL US","26.346721","-80.197888","10.1","2020-07","11.35"
"USW00012888","MIAMI KENDALL TAMIAMI EXEC AIRPORT, FL US","25.6475","-80.43306","3.0","2020-07","10.54"
"US1FLMN0008","ISLAMORADA 7.8 SW, FL US","24.851492","-80.735242","7.0","2020-07","11.15"
"US1FLPB0101","DELRAY BEACH 3.2 NNE, FL US","26.49362","-80.06069","1.2","2020-07","8.55"
"USW00012885","FORT LAUDERDALE EXECUTIVE AIRPORT, FL US","26.19694","-80.17083","4.3","2020-07","9.96"
"USC00084500","KENANSVILLE, FL US","27.8703","-81.0435","18.6","2020-07",
"USW00012882","MIAMI OPA LOCKA AIRPORT, FL US","25.90694","-80.28028","3.0","2020-07","5.35"
"US1FLMN0045","TAVERNIER 0.3 SSE, FL US","25.012304","-80.517082","2.4","2020-07","7.27"
"USW00012849","FORT LAUDERDALE INTERNATIONAL AIRPORT, FL US","26.07875","-80.16217","3.4","2020-07","8.24"
"US1FLSJ0030","FRUIT COVE 1.9 N, FL US","30.12861944","-81.61969444","4.0","2020-07","10.89"
"US1FLMN0041","RAMROD KEY 0.7 ESE, FL US","24.6581291637423","-81.4051381410151","1.2","2020-07","5.44"
"US1FLSJ0033","SAWGRASS 2.2 S, FL US","30.16128","-81.36685","2.4","2020-07","8.07"
"US1FLSJ0034","ST. AUGUSTINE 5.1 WNW, FL US","29.91976","-81.39013","10.4","2020-07","6.03"
"US1FLSJ0036","FRUIT COVE 1.1 NW, FL US","30.111588","-81.632329","3.0","2020-07","5.89"
"USW00093805","TALLAHASSEE REGIONAL AIRPORT, FL US","30.39306","-84.35333","16.8","2020-07","7.01"
"US1FLSJ0038","ST. AUGUSTINE 5.3 WNW, FL US","29.92961","-81.387886","10.7","2020-07","6.04"
"US1FLPK0018","LAKELAND HIGHLANDS 0.3 SE, FL US","27.957","-81.946","70.1","2020-07","8.23"
"USW00012854","ORLANDO SANFORD AIRPORT, FL US","28.77972","-81.24361","16.8","2020-07","5.65"
"US1FLDV0059","JACKSONVILLE 4.2 NE, FL US","30.375792","-81.604721","8.5","2020-07","3.85"
"USW00012850","KEY WEST NAS, FL US","24.58333","-81.68333","1.8","2020-07","6.30"
"USC00080369","AVON PARK 2 W, FL US","27.5947","-81.5266","46.9","2020-07","9.65"
"US1FLMN0039","ISLAMORADA 7.8 SW, FL US","24.85058","-80.73566","1.8","2020-07","10.27"
"US1FLMN0037","KEY LARGO 17.9 NE, FL US","25.32093","-80.28178","3.7","2020-07","7.26"
"US1FLNS0021","FERNANDINA BEACH 2.4 S, FL US","30.622806","-81.452376","3.7","2020-07","4.13"
"US1FLNS0017","FERNANDINA BEACH 2.3 S, FL US","30.62435","-81.442733","4.0","2020-07","5.43"
"US1FLDV0063","JACKSONVILLE 7.8 SW, FL US","30.25855","-81.754783","9.8","2020-07","7.20"
"US1FLPK0007","AUBURNDALE 1.7 NW, FL US","28.090015","-81.81575","42.1","2020-07","9.70"
"USC00089176","VENICE, FL US","27.1006","-82.4364","2.4","2020-07","7.09"
"US1FLDV0066","JACKSONVILLE 4.2 ESE, FL US","30.3016490936279","-81.5990524291992","7.0","2020-07","4.88"
"US1FLDV0069","JACKSONVILLE 6.7 WSW, FL US","30.303307","-81.76355","8.5","2020-07","7.62"
